dataset,graph_kernel,normalize,acc_mean,acc_std,f1_score_mean,f1_score_std,roc_auc_score_mean,roc_auc_score_std,run_time
FIRSTMM_DB,OddSth,True,0.6461538461538461,0.08268982305947231,0.5935897435897436,0.1059846291561045,0.8102272727272727,0.03178660048849583,179.40091295242308
FIRSTMM_DB,GraphletSampling,True,0.09999999999999995,0.06332866171912033,0.08410256410256406,0.05942230473686685,0.5811363636363637,0.08991916837437199,1293.4545976400375
FIRSTMM_DB,HadamardCode,True,0.6000000000000001,0.113517659595788,0.5484615384615384,0.1217428288870394,0.7577272727272726,0.02953962646480895,4.752226614952088
FIRSTMM_DB,WeisfeilerLehman,True,0.723076923076923,0.09730085108210397,0.684102564102564,0.10182640687880484,0.7620454545454545,0.03691267957873389,3.5568508863449098
FIRSTMM_DB,WeisfeilerLehmanOptimalAssignment,True,0.5461538461538462,0.05675882979789402,0.4859340659340659,0.05416656474444858,0.6493181818181817,0.09004035673085922,5.782041716575622
FIRSTMM_DB,Propagation,True,0.7615384615384615,0.07649453277013485,0.7215384615384615,0.0905192365949481,0.7988636363636363,0.02175311214448672,4.652589297294616
FIRSTMM_DB,NeighborhoodHash,True,0.5153846153846153,0.05191911982388869,0.45384615384615384,0.04577240286836199,0.6540909090909091,0.08038731997100795,6.849959492683411
FIRSTMM_DB,PyramidMatch,True,0.6000000000000001,0.07944581222989575,0.5582051282051281,0.07053276071333588,0.7381818181818183,0.04453359974186658,87.63925800323486
