dataset,graph_kernel,normalize,acc_mean,acc_std,f1_score_mean,f1_score_std,roc_auc_score_mean,roc_auc_score_std,run_time
Mutagenicity,OddSth,True,0.3897465437788018,0.024786994203692573,0.3897293999460892,0.024829248938411954,0.6468484584763654,0.03470114203834562,350.46037542819977
Mutagenicity,GraphletSampling,True,0.4403225806451613,0.04566761115920579,0.4382781627332629,0.046145689254743535,0.5772220341987784,0.041349735917810125,198.5121514558792
Mutagenicity,HadamardCode,True,0.7755760368663595,0.010500105591480402,0.7751034260903579,0.010655737552909052,0.8403294170736032,0.016072144765617042,12.17975585460663
Mutagenicity,WeisfeilerLehman,True,0.7868663594470047,0.012034131809517968,0.7867585679111669,0.012230889798730831,0.8681439937253892,0.010450725187063772,9.025150322914124
Mutagenicity,WeisfeilerLehmanOptimalAssignment,True,0.8237327188940092,0.007661266260852541,0.8237516263722915,0.007741610996249599,0.8968127340220363,0.008614465712921555,7536.245176887513
Mutagenicity,Propagation,True,0.7646313364055299,0.01267920985408476,0.7645093639411797,0.012466087955779057,0.8371558499465476,0.008104777138737793,359.4765707492828
Mutagenicity,NeighborhoodHash,True,0.8144009216589861,0.009797519936474893,0.814457852746903,0.00982285013043955,0.887052437052437,0.009826890181394538,337.50075261592866
Mutagenicity,PyramidMatch,True,0.7297235023041475,0.012968436636533296,0.7294300443257908,0.01284457625532043,0.7920543978683514,0.01056532324644016,599.2158784389496
